{
    "flash_writer": {
        "v3h_atf":     "ICUMXA_Flash_writer_SCIF_DUMMY_CERT_EB200400_condor.mot",
        "v3h_smoni":   "ICUMXA_Flash_writer_SCIF_DUMMY_CERT_EB200400_condor.mot",
        "v3m_atf":     "AArch32_Flash_writer_SCIF_DUMMY_CERT_E6300400_EAGLE.mot",
        "v3m_smoni":   "AArch32_Flash_writer_SCIF_DUMMY_CERT_E6300400_EAGLE.mot",
        "v3u_atf" :    "ICUMXA_Flash_writer_SCIF_DUMMY_CERT_EB200000_falcon.mot",
        "v3u_smoni" :  "ICUMXA_Flash_writer_SCIF_DUMMY_CERT_EB200000_falcon.mot",
        "v3hsk_atf":   "ICUMXA_Flash_writer_SCIF_DUMMY_CERT_EB200400_condor.mot",
        "v3hsk_smoni": "ICUMXA_Flash_writer_SCIF_DUMMY_CERT_EB200400_condor.mot",
        "v3msk_smoni": "AArch32_Flash_writer_SCIF_DUMMY_CERT_E6300400_EAGLE.mot",
        "m3n":         "AArch64_Gen3_Scif_MiniMon_Develop_M3N_V0.03.mot",
        "m3":          "AArch64_Gen3_H3_M3_Scif_MiniMon_V5.11.mot",
        "m3_2x4":      "AArch64_Gen3_H3_M3_Scif_MiniMon_V5.11.mot",
        "e3_2x512":    "AArch64_Gen3_E3_Scif_MiniMon_develop_Ebisu_V0.02.mot",
        "e3_4x512":    "AArch64_Gen3_E3-4D_Scif_MiniMon_V5.03A.mot",
        "h3_4x1":      "AArch64_Gen3_H3_M3_Scif_MiniMon_V5.11.mot",
        "h3_2x2":      "AArch64_Gen3_H3_M3_Scif_MiniMon_V5.11.mot",
        "h3_4x2":      "AArch64_Gen3_H3_M3_Scif_MiniMon_V5.11.mot",
        "m3ulcb":      "AArch32_Flash_writer_SCIF_DUMMY_CERT_E6300400_ULCB.mot",
        "h3ulcb":      "AArch32_Flash_writer_SCIF_DUMMY_CERT_E6300400_ULCB.mot",
        "s4_atf":      "ICUMXA_Flash_writer_SCIF_DUMMY_CERT_EB200000_spider.mot",
        "v4h_atf":     "ICUMXA_Flash_writer_SCIF_DUMMY_CERT_EB203000_white_hawk.mot"
    },

    "ipl": {
        "v3h_atf": {
            "param": {
                "name":       "bootparam_sa0.srec",
                "flash_addr": "0"
            },
            "icumxa": {
                "name":       "icumxa_loader.srec",
                "flash_addr": "40000"
            },
            "fw": {
                "name":       "dummy_fw.srec",
                "flash_addr": "C0000"
            },
            "cert6": {
                "name":       "cert_header_sa6.srec",
                "flash_addr": "180000"
            },
            "rtos": {
                "name":       "dummy_rtos.srec",
                "flash_addr": "1C0000"
            },
            "bl31": {
                "name":       "bl31.srec",
                "flash_addr": "2C0000"
            },
            "uboot": {
                "name":       "u-boot-elf-condor.srec",
                "flash_addr": "840000"
            }
        },

        "v3h_smoni": {
            "param": {
                "name":       "bootparam_sa0.srec",
                "flash_addr": "0"
            },
            "icumxa": {
                "name":       "icumxa_loader.srec",
                "flash_addr": "40000"
            },
            "fw": {
                "name":       "dummy_fw.srec",
                "flash_addr": "C0000"
            },
            "cert6": {
                "name":       "cert_header_sa6.srec",
                "flash_addr": "180000"
            },
            "rtos": {
                "name":       "dummy_rtos.srec",
                "flash_addr": "1C0000"
            },
            "smoni": {
                "name":       "smoni.srec",
                "flash_addr": "2C0000"
            },
            "uboot": {
                "name":       "u-boot-elf-condor.srec",
                "flash_addr": "840000"
            }
        },

        "v3m_atf": {
            "param": {
                "name":       "bootparam_sa0.srec",
                "flash_addr": "0"
            },
            "cr7": {
                "name":       "cr7_loader.srec",
                "flash_addr": "40000"
            },
            "cert3": {
                "name":       "cert_header_sa3.srec",
                "flash_addr": "C0000"
            },
            "bl31": {
                "name":       "bl31-eagle.srec",
                "flash_addr": "2C0000"
            },
            "rtos": {
                "name":       "dummy_rtos.srec",
                "flash_addr": "1C0000"
            },
            "uboot": {
                "name":       "u-boot-elf-eagle.srec",
                "flash_addr": "840000"
            }
        },

        "v3m_smoni": {
            "param": {
                "name":       "bootparam_sa0.srec",
                "flash_addr": "0"
            },
            "cr7": {
                "name":       "cr7_loader.srec",
                "flash_addr": "40000"
            },
            "cert3": {
                "name":       "cert_header_sa3.srec",
                "flash_addr": "C0000"
            },
            "smoni": {
                "name":       "smoni.srec",
                "flash_addr": "2C0000"
            },
            "rtos": {
                "name":       "dummy_rtos.srec",
                "flash_addr": "1C0000"
            },
            "uboot": {
                "name":       "u-boot-elf-eagle.srec",
                "flash_addr": "840000"
            }
        },

        "v3u_atf": {
            "param": {
                "name":       "bootparam_sa0.srec",
                "flash_addr": "0"
            },
            "icumxa": {
                "name":       "icumxa_loader.srec",
                "flash_addr": "40000"
            },
            "cert17": {
                "name":       "cert_header_sa17.srec",
                "flash_addr": "440000"
            },
            "fw": {
                "name":       "dummy_fw.srec",
                "flash_addr": "480000"
            },
            "rtos": {
                "name":       "dummy_rtos.srec",
                "flash_addr": "580000"
            },
            "bl31": {
                "name":       "bl31-falcon.srec",
                "flash_addr": "680000"
            },
            "uboot": {
                "name":       "u-boot-elf-falcon.srec",
                "flash_addr": "780000"
            }
        },

        "v3u_smoni": {
            "param": {
                "name":       "bootparam_sa0.srec",
                "flash_addr": "0"
            },
            "icumxa": {
                "name":       "icumxa_loader.srec",
                "flash_addr": "40000"
            },
            "cert17": {
                "name":       "cert_header_sa17.srec",
                "flash_addr": "440000"
            },
            "fw": {
                "name":       "dummy_fw.srec",
                "flash_addr": "480000"
            },
            "rtos": {
                "name":       "dummy_rtos.srec",
                "flash_addr": "580000"
            },
            "smoni": {
                "name":       "smoni.srec",
                "flash_addr": "680000"
            },
            "uboot": {
                "name":       "u-boot-elf-falcon.srec",
                "flash_addr": "780000"
            }
        },

        "v3hsk_atf": {
            "param": {
                "name":       "bootparam_sa0.srec",
                "flash_addr": "0"
            },
            "icumxa": {
                "name":       "icumxa_loader.srec",
                "flash_addr": "40000"
            },
            "fw": {
                "name":       "dummy_fw.srec",
                "flash_addr": "C0000"
            },
            "cert6": {
                "name":       "cert_header_sa6.srec",
                "flash_addr": "180000"
            },
            "rtos": {
                "name":       "dummy_rtos.srec",
                "flash_addr": "1C0000"
            },
            "bl31": {
                "name":       "bl31-condor.srec",
                "flash_addr": "2C0000"
            },
            "uboot": {
                "name":       "u-boot-elf-v3hsk.srec",
                "flash_addr": "840000"
            }
        },

        "v3hsk_smoni": {
            "param": {
                "name":       "bootparam_sa0.srec",
                "flash_addr": "0"
            },
            "icumxa": {
                "name":       "icumxa_loader.srec",
                "flash_addr": "40000"
            },
            "fw": {
                "name":       "dummy_fw.srec",
                "flash_addr": "C0000"
            },
            "cert6": {
                "name":       "cert_header_sa6.srec",
                "flash_addr": "180000"
            },
            "rtos": {
                "name":       "dummy_rtos.srec",
                "flash_addr": "1C0000"
            },
            "smoni": {
                "name":       "smoni.srec",
                "flash_addr": "2C0000"
            },
            "uboot": {
                "name":       "u-boot-elf-v3hsk.srec",
                "flash_addr": "840000"
            }
        },

        "v3msk_atf": {
            "param": {
                "name":       "bootparam_sa0.srec",
                "flash_addr": "0"
            },
            "cr7": {
                "name":       "cr7_loader_v3msk.srec",
                "flash_addr": "40000"
            },
            "cert3": {
                "name":       "cert_header_sa3.srec",
                "flash_addr": "C0000"
            },
            "bl31": {
                "name":       "bl31-eagle.srec",
                "flash_addr": "2C0000"
            },
            "rtos": {
                "name":       "dummy_rtos.srec",
                "flash_addr": "1C0000"
            },
            "uboot": {
                "name":       "u-boot-elf-v3msk.srec",
                "flash_addr": "840000"
            }
        },

        "m3n": {
            "param": {
                "name":       "bootparam_sa0.srec",
                "flash_addr": "0"
            },
            "bl2": {
                "name":       "bl2-salvator-x.srec",
                "flash_addr": "40000"
            },
            "cert6": {
                "name":       "cert_header_sa6.srec",
                "flash_addr": "180000"
            },
            "bl31": {
                "name":       "bl31-salvator-x.srec",
                "flash_addr": "1C0000"
            },
            "tee": {
                "name":       "tee-salvator-x.srec",
                "flash_addr": "200000"
            },
            "uboot": {
                "name":       "u-boot-elf-salvator-x.srec",
                "flash_addr": "640000"
            }
        },

        "m3": {
            "param": {
                "name":       "bootparam_sa0.srec",
                "flash_addr": "0"
            },
            "bl2": {
                "name":       "bl2-salvator-x.srec",
                "flash_addr": "40000"
            },
            "cert6": {
                "name":       "cert_header_sa6.srec",
                "flash_addr": "180000"
            },
            "bl31": {
                "name":       "bl31-salvator-x.srec",
                "flash_addr": "1C0000"
            },
            "tee": {
                "name":       "tee-salvator-x.srec",
                "flash_addr": "200000"
            },
            "uboot": {
                "name":       "u-boot-elf-salvator-x.srec",
                "flash_addr": "640000"
            }
        },

        "m3_2x4": {
            "param": {
                "name":       "bootparam_sa0.srec",
                "flash_addr": "0"
            },
            "bl2": {
                "name":       "bl2-salvator-x.srec",
                "flash_addr": "40000"
            },
            "cert6": {
                "name":       "cert_header_sa6.srec",
                "flash_addr": "180000"
            },
            "bl31": {
                "name":       "bl31-salvator-x.srec",
                "flash_addr": "1C0000"
            },
            "tee": {
                "name":       "tee-salvator-x.srec",
                "flash_addr": "200000"
            },
            "uboot": {
                "name":       "u-boot-elf-salvator-xs-2x4g.srec",
                "flash_addr": "640000"
            }
        },

        "e3_2x512": {
            "param": {
                "name":       "bootparam_sa0.srec",
                "flash_addr": "0"
            },
            "bl2": {
                "name":       "bl2-ebisu.srec",
                "flash_addr": "40000"
            },
            "cert6": {
                "name":       "cert_header_sa6.srec",
                "flash_addr": "180000"
            },
            "bl31": {
                "name":       "bl31-ebisu.srec",
                "flash_addr": "1C0000"
            },
            "tee": {
                "name":       "tee-ebisu.srec",
                "flash_addr": "200000"
            },
            "uboot": {
                "name":       "u-boot-elf-ebisu.srec",
                "flash_addr": "640000"
            }
        },

        "e3_4x512": {
            "param": {
                "name":       "bootparam_sa0-4d.srec",
                "flash_addr": "0"
            },
            "bl2": {
                "name":       "bl2-ebisu-4d.srec",
                "flash_addr": "40000"
            },
            "cert6": {
                "name":       "cert_header_sa6.srec",
                "flash_addr": "180000"
            },
            "bl31": {
                "name":       "bl31-ebisu-4d.srec",
                "flash_addr": "1C0000"
            },
            "tee": {
                "name":       "tee-ebisu.srec",
                "flash_addr": "200000"
            },
            "uboot": {
                "name":       "u-boot-elf-ebisu.srec",
                "flash_addr": "640000"
            }
        },

        "h3_4x1": {
            "param": {
                "name":       "bootparam_sa0.srec",
                "flash_addr": "0"
            },
            "bl2": {
                "name":       "bl2-salvator-x.srec",
                "flash_addr": "40000"
            },
            "cert6": {
                "name":       "cert_header_sa6.srec",
                "flash_addr": "180000"
            },
            "bl31": {
                "name":       "bl31-salvator-x.srec",
                "flash_addr": "1C0000"
            },
            "tee": {
                "name":       "tee-salvator-x.srec",
                "flash_addr": "200000"
            },
            "uboot": {
                "name":       "u-boot-elf-salvator-x.srec",
                "flash_addr": "640000"
            }
        },

        "h3_2x2": {
            "param": {
                "name":       "bootparam_sa0-2x2g.srec",
                "flash_addr": "0"
            },
            "bl2": {
                "name":       "bl2-salvator-x-2x2g.srec",
                "flash_addr": "40000"
            },
            "cert6": {
                "name":       "cert_header_sa6-2x2g.srec",
                "flash_addr": "180000"
            },
            "bl31": {
                "name":       "bl31-salvator-x-2x2g.srec",
                "flash_addr": "1C0000"
            },
            "tee": {
                "name":       "tee-salvator-x.srec",
                "flash_addr": "200000"
            },
            "uboot": {
                "name":       "u-boot-elf-salvator-x.srec",
                "flash_addr": "640000"
            }
        },

        "h3_4x2": {
            "param": {
                "name":       "bootparam_sa0-4x2g.srec",
                "flash_addr": "0"
            },
            "bl2": {
                "name":       "bl2-salvator-x-4x2g.srec",
                "flash_addr": "40000"
            },
            "cert6": {
                "name":       "cert_header_sa6-4x2g.srec",
                "flash_addr": "180000"
            },
            "bl31": {
                "name":       "bl31-salvator-x-4x2g.srec",
                "flash_addr": "1C0000"
            },
            "tee": {
                "name":       "tee-salvator-x.srec",
                "flash_addr": "200000"
            },
            "uboot": {
                "name":       "u-boot-elf-salvator-x.srec",
                "flash_addr": "640000"
            }
        },

        "m3ulcb": {
            "param": {
                "name":       "bootparam_sa0.srec",
                "flash_addr": "0"
            },
            "bl2": {
                "name":       "bl2-m3ulcb.srec",
                "flash_addr": "40000"
            },
            "cert6": {
                "name":       "cert_header_sa6.srec",
                "flash_addr": "180000"
            },
            "bl31": {
                "name":       "bl31-m3ulcb.srec",
                "flash_addr": "1C0000"
            },
            "tee": {
                "name":       "tee-m3ulcb.srec",
                "flash_addr": "200000"
            },
            "uboot": {
                "name":       "u-boot-elf.srec",
                "flash_addr": "640000"
            }
        },

        "h3ulcb": {
            "param": {
                "name":       "bootparam_sa0.srec",
                "flash_addr": "0"
            },
            "bl2": {
                "name":       "bl2-h3ulcb.srec",
                "flash_addr": "40000"
            },
            "cert6": {
                "name":       "cert_header_sa6.srec",
                "flash_addr": "180000"
            },
            "bl31": {
                "name":       "bl31-h3ulcb.srec",
                "flash_addr": "1C0000"
            },
            "tee": {
                "name":       "tee-h3ulcb.srec",
                "flash_addr": "200000"
            },
            "uboot": {
                "name":       "u-boot-elf.srec",
                "flash_addr": "640000"
            }
        },

        "s4_atf": {
            "param": {
                "name":       "bootparam_sa0.srec",
                "flash_addr": "0"
            },
            "icumxa": {
                "name":       "icumxa_loader.srec",
                "flash_addr": "40000"
            },
            "cert": {
                "name":       "cert_header_sa9.srec",
                "flash_addr": "240000"
            },
	        "g4mh": {
                "name":       "dummy_g4mh_case0.srec",
                "flash_addr": "900000"
            },
            "fw": {
                "name":       "dummy_fw.srec",
                "flash_addr": "280000"
            },
            "rtos": {
                "name":       "dummy_rtos.srec",
                "flash_addr": "500000"
            },
            "bl31": {
                "name":       "bl31-spider.srec",
                "flash_addr": "480000"
            },
            "uboot": {
                "name":       "u-boot-elf-spider.srec",
                "flash_addr": "E00000"
            },
	        "icumh": {
                "name":       "dummy_icumh_case1.srec",
                "flash_addr": "380000"
            }
        },

        "v4h_atf": {
            "param": {
                "name":       "bootparam_sa0.srec",
                "flash_addr": "0"
            },
            "icumxa": {
                "name":       "icumxa_loader.srec",
                "flash_addr": "40000"
            },
            "cert": {
                "name":       "cert_header_sa9.srec",
                "flash_addr": "240000"
            },
            "fw": {
                "name":       "dummy_fw.srec",
                "flash_addr": "280000"
            },
	        "rtos": {
                "name":       "dummy_rtos.srec",
                "flash_addr": "500000"
            },
            "bl31": {
                "name":       "bl31-whitehawk.srec",
                "flash_addr": "380000"
            },
            "uboot": {
                "name":       "u-boot-elf-whitehawk.srec",
                "flash_addr": "800000"
            }
        }
    }
}
